ID,REFERENCE,TYPE,NAME,DATE,FLAVOR_TEXT,INSPIRATION,NARRATOR,STORY
c4c5c6b0-73cd-42d9-b497-a91364b62031,ALT_EOLE_A_AX_116_C,Character,"Stigma of Stagnation",#N/A,"La peur du changement invite à l'atrophie.",#N/A,#N/A,#N/A
4ae7726a-440e-4fd5-aab4-6479e209e5ec,ALT_EOLE_A_AX_117_C,Character,"Plague of Avarice",#N/A,"La recherche du progrès est une faim insatiable.",#N/A,#N/A,#N/A
09d59a7f-6390-4b93-ab53-38db86d2f25a,ALT_EOLE_A_AX_65_C,Hero,"Isaree & Pebble",#N/A,"« Je vais te montrer une autre application de l'Aérolithe ! »",#N/A,#N/A,#N/A
d86ca3cb-c203-41a7-a51e-62f717d5bb7e,ALT_EOLE_A_BR_105_C,Hero,"Gretel & Rust",#N/A,"« Je ne céderai pas face à la peur ! »",#N/A,#N/A,#N/A
6b67faf9-465c-4528-b46a-810d983ffdf5,ALT_EOLE_A_BR_114_C,Character,"Stigma of Cowardice",#N/A,"Il est parfois sage d'avoir peur de son ombre...",#N/A,#N/A,#N/A
81f4de76-f1dd-4efc-86f1-91f02c724619,ALT_EOLE_A_BR_116_C,Character,"Plague of Arrogance",#N/A,"La seule chose plus dangereuse que l'ignorance est l'arrogance.",#N/A,#N/A,#N/A
8ea7df4c-b518-4054-b356-95d29db82e11,ALT_EOLE_A_LY_105_C,Hero,"Yeong-gi & Ember",#N/A,"« Laisse-toi consumer par la vraie terreur ! »",#N/A,#N/A,#N/A
5ad0ee49-63ed-43e5-af09-286680ce9af3,ALT_EOLE_A_LY_115_C,Character,"Stigma of Havoc",#N/A,"Quand on parle du loup, on en voit l'ombre difforme...",#N/A,#N/A,#N/A
2dadb8bf-5b0e-4c5c-b218-21c675fefc78,ALT_EOLE_A_LY_117_C,Character,"Plague of Despair",#N/A,"« L'âme ne se rend pas au désespoir sans avoir épuisé toutes les illusions. » - Victor Hugo",#N/A,#N/A,#N/A
db450353-d465-41f7-82e6-242312ffd550,ALT_EOLE_A_MU_115_C,Character,"Plague of Prejudice",#N/A,"L'injustice est le terreau du mal.",#N/A,#N/A,#N/A
512cdcc7-38e4-42a0-a3bb-799b60bf87b3,ALT_EOLE_A_MU_117_C,Character,"Stigma of Belligerence",#N/A,"L'hostilité invite le préjudice.",#N/A,#N/A,#N/A
94e39ffc-f286-4443-83b3-174ce1948494,ALT_EOLE_A_MU_65_C,Hero,"Kauri & Puff",#N/A,"« Malheureusement pour toi, je ne suis pas venu seul ! »",#N/A,#N/A,#N/A
5aaa9805-8db8-4ab1-8f72-97b44c92fccc,ALT_EOLE_A_OR_116_C,Character,"Stigma of Banality",#N/A,"La peur de la différence détruit l'individualité.",#N/A,#N/A,#N/A
93ee177d-dee5-4b33-9142-955a12c3baca,ALT_EOLE_A_OR_117_C,Character,"Plague of Intolerance",#N/A,"L'intolérance est le masque de la peur.",#N/A,#N/A,#N/A
230158d5-4e6a-4d5f-82ff-e69a609074e2,ALT_EOLE_A_OR_65_C,Hero,"Zhen & Zephyr",#N/A,"« Mon esprit est une forteresse imprenable ! »",#N/A,#N/A,#N/A
15c374ea-1545-4861-a32f-49bfdc444e72,ALT_EOLE_A_YZ_105_C,Hero,"Sam & Spook",#N/A,"« Vous voulez vraiment qu'on fasse un duel de regard ? »",#N/A,#N/A,#N/A
dc4a594f-f3a2-4518-b627-9f5291329b62,ALT_EOLE_A_YZ_115_C,Character,"Stigma of Fallacy",#N/A,"Des mensonges, sous le masque de la vérité...",#N/A,#N/A,#N/A
3f53fcbd-d9cc-4c50-b053-1f6755c61e05,ALT_EOLE_A_YZ_116_C,Character,"Plague of Ignorance",#N/A,"L'ignorance est le creuset du mal.",#N/A,#N/A,#N/A
b9af7b76-3af6-4559-bf0d-be5362bbe6f6,ALT_EOLE_B_AX_106_C,Character,"Sneaky Salamander",#N/A,"Parfaite pour passer sous les radars.",#N/A,#N/A,#N/A
2c8dfaf3-ba25-493d-90a8-33382fc5fc10,ALT_EOLE_B_AX_107_C,Character,Hop-o'-my-Thumb,#N/A,"Pas facile de montrer la voie...",#N/A,#N/A,#N/A
a63b4f00-bab4-44ba-9f10-f77ab6033f86,ALT_EOLE_B_AX_108_C,Character,"Corrupted Paju",#N/A,"« Pourquoi as-tu survécu alors que je suis mort, Treyst ? »",#N/A,#N/A,#N/A
9ec1a564-7675-42d9-a463-d084830c1930,ALT_EOLE_B_AX_109_C,Character,"Reka Scavenger",#N/A,"« Je dois rapporter ça à Isaree au plus vite ! »",#N/A,#N/A,#N/A
ae38b550-1436-45f3-b8c3-b3076851f128,ALT_EOLE_B_AX_110_C,Character,"Toting Armadillo",#N/A,"Les boucliers sont inspirés de sa carapace.",#N/A,#N/A,#N/A
19ddd2ec-86a4-4bbb-bc3e-c1fb16c75d1d,ALT_EOLE_B_AX_111_C,Character,"Shiramun, Tech Monk",#N/A,"Ériger des murs, pour garder les monstres au-dehors.",#N/A,#N/A,#N/A
5b39bfba-ae6e-45cb-8b2a-70140f50ab4c,ALT_EOLE_B_AX_112_C,Character,"Frankenstein's Creature",#N/A,"C'est du rejet des mélanges que naissent les véritables monstres.",#N/A,#N/A,#N/A
9145f8c4-cfbb-4a67-9f73-4ae081e524d6,ALT_EOLE_B_AX_113_C,Character,"Master Lapidary",#N/A,"Tailler l'Aérolithe exige du doigté et de la délicatesse.",#N/A,#N/A,#N/A
5aaa18e7-ce08-4ee9-9453-15f0e64f50f4,ALT_EOLE_B_AX_114_C,Character,"Reka Recycler",#N/A,"Reconditionner l'ancien pour créer du neuf...",#N/A,#N/A,#N/A
7587c9f1-6c6a-4975-aed3-5d25d21b8333,ALT_EOLE_B_AX_115_C,Character,"Inari, Spirit of Industry",#N/A,"La soif de croître existe en toute chose, du grain de riz à l'être humain.",#N/A,#N/A,#N/A
33aa91a9-e707-4e3e-9ec3-f875ab171edc,ALT_EOLE_B_AX_116_C,Character,"Stigma of Stagnation",#N/A,"La peur du changement invite à l'atrophie.",#N/A,#N/A,#N/A
06045b4b-da2e-4a5f-85ab-ed5bb62238b6,ALT_EOLE_B_AX_117_C,Character,"Plague of Avarice",#N/A,"La recherche du progrès est une faim insatiable.",#N/A,#N/A,#N/A
66df8da9-6a24-46ce-b0a3-2f0a06807b05,ALT_EOLE_B_AX_118_C,Spell,"Emergency Burst",#N/A,"Si l'Aérolithe permet de renverser la gravité, elle permet aussi de repousser le mal !",#N/A,#N/A,#N/A
74455ab7-4a2e-4c31-9fbe-1433a74aa1dc,ALT_EOLE_B_AX_119_C,Spell,"A Pebble in the Pond",#N/A,"Un simple galet peut causer bien des remous.",#N/A,#N/A,#N/A
ddcd1412-bcf6-4bf0-8a7e-2ea83c382c2a,ALT_EOLE_B_AX_120_C,LANDMARK_PERMANENT,"Deploy the Shields!",#N/A,"« Notre but est simple : barrer la route au Cauchemar ! » — Isaree",#N/A,#N/A,#N/A
bce222de-6594-4126-aaf7-77cf9fe89a7f,ALT_EOLE_B_AX_121_C,LANDMARK_PERMANENT,"Make it Work",#N/A,"« Allez, t'y es presque ma cocotte ! »",#N/A,#N/A,#N/A
ac621657-806e-499b-bad1-7dbd9e137cd7,ALT_EOLE_B_AX_122_C,Character,"Reka Welder",#N/A,"C'est dans des moments comme ça qu'il faut rester soudés.",#N/A,#N/A,#N/A
562ed0d1-8684-4ff9-a0c1-5fd939408fcd,ALT_EOLE_B_AX_65_C,Hero,"Isaree & Pebble",#N/A,"C'est à la science d'être au service du peuple, pas l'inverse.",#N/A,#N/A,#N/A
1cb47618-531f-4472-9a3d-618cb1241c70,ALT_EOLE_B_BR_105_C,Hero,"Gretel & Rust",#N/A,"« Si tu me sous-estimes, ça va te coûter bonbon. »",#N/A,#N/A,#N/A
e8b5b5fd-2f97-414e-8948-1fe2b12ca001,ALT_EOLE_B_BR_106_C,Character,Raijū,#N/A,"Il passe et frappe comme l'éclair.",#N/A,#N/A,#N/A
5a218c85-8746-4636-9a93-249be0778dee,ALT_EOLE_B_BR_107_C,Character,"Guiding Ocelot",#N/A,"Qui mieux que lui pour jouer au chat et à la souris ?",#N/A,#N/A,#N/A
d6415d01-7cb2-4f41-9916-f6b756799676,ALT_EOLE_B_BR_108_C,Character,"Corrupted Aoife",#N/A,"« Vous êtes sûrs de vouloir jeter de l'huile sur le feu ? »",#N/A,#N/A,#N/A
1b664da9-9452-46ef-b4f9-870686465bf9,ALT_EOLE_B_BR_109_C,Character,"Spry Scout",#N/A,"« Accrochage dans le secteur 3, débordez sur l'autre flanc ! »",#N/A,#N/A,#N/A
433cdd2c-340c-490b-a4ab-eea1315eed2a,ALT_EOLE_B_BR_110_C,Character,"Devoted Protector",#N/A,"« Du nerf, baisser les bras signifie la fin ! » — Kebba",#N/A,#N/A,#N/A
2ceca028-ddf8-40c7-b5b0-95efe3d438fc,ALT_EOLE_B_BR_111_C,Character,"Carmela, Fast Striker",#N/A,"« Je ne me sens vivante qu'au bord du précipice ! »",#N/A,#N/A,#N/A
e2c70ae7-03e5-4063-a878-32cae1f1a919,ALT_EOLE_B_BR_112_C,Character,"Bold Outrider",#N/A,"« J'ai trouvé un chemin ! Trouée à deux klicks d'ici, en azimut brutal ! »",#N/A,#N/A,#N/A
b526d77b-e70d-4c29-9d14-6aabc7eb0edd,ALT_EOLE_B_BR_113_C,Character,Sekhmet,#N/A,"C'est ce qu'on appelle se tailler la part de la lionne.",#N/A,#N/A,#N/A
a1a161b6-d48e-43c2-b20d-884166309f91,ALT_EOLE_B_BR_114_C,Character,"Stigma of Cowardice",#N/A,"Il est parfois sage d'avoir peur de son ombre...",#N/A,#N/A,#N/A
348714b6-d9af-4582-86f9-28d72e29f903,ALT_EOLE_B_BR_115_C,Character,"Reka Fixer",#N/A,"« C'est pas l'heure de cantonner, mais profitez-en pour faire le plein. »",#N/A,#N/A,#N/A
91c98726-ca28-4275-813f-c9be84d25156,ALT_EOLE_B_BR_116_C,Character,"Plague of Arrogance",#N/A,"La seule chose plus dangereuse que l'ignorance est l'arrogance.",#N/A,#N/A,#N/A
19ffedf3-d040-49f4-a308-5874441886e2,ALT_EOLE_B_BR_117_C,Character,"Stern Sentinel",#N/A,"« Vous passerez que d'une seule manière : de vie à trépas ! »",#N/A,#N/A,#N/A
f1a2e026-37fb-47a5-8159-e73109becee7,ALT_EOLE_B_BR_118_C,LANDMARK_PERMANENT,"The Last Stand",#N/A,"« Si nous devons tomber, que ce soit notre baroud d'honneur ! »",#N/A,#N/A,#N/A
7ab09062-c79f-4503-8d73-99abb37f64d7,ALT_EOLE_B_BR_119_C,LANDMARK_PERMANENT,"Protect the Assets",#N/A,"« Pour les atteindre, vous devrez me passer sur le corps ! » — Kebba",#N/A,#N/A,#N/A
0d046355-3039-4fa1-ae0b-c141fed0dccd,ALT_EOLE_B_BR_120_C,LANDMARK_PERMANENT,"Galvanize the Troops",#N/A,"« C'est au cœur de la nuit que nous devons briller le plus fort ! »",#N/A,#N/A,#N/A
56af7185-31a7-4451-874a-849ea7d67715,ALT_EOLE_B_BR_121_C,LANDMARK_PERMANENT,"Reap the Mana",#N/A,"Après Kojo, elle est la deuxième à avoir accompli cet exploit.",#N/A,#N/A,#N/A
1359b5dd-00af-4c89-bfb5-660c9443f762,ALT_EOLE_B_BR_122_C,LANDMARK_PERMANENT,"Hold the Line!",#N/A,"« Ne les laissez pas nous prendre à revers ! »",#N/A,#N/A,#N/A
ea2ed26a-35ef-41ee-a49f-ef2c91a53fa9,ALT_EOLE_B_BR_123_C,Token,Rust,#N/A,"« Je ne suis pas si rouillé que ça. »",#N/A,#N/A,#N/A
8f21cc3c-e234-47f8-a0bb-9d47245d1635,ALT_EOLE_B_LY_105_C,Hero,"Yeong-gi & Ember",#N/A,"« Laissez-moi vous mettre au parfum... »",#N/A,#N/A,#N/A
87f02011-9798-459e-8bb7-ba8d12473e60,ALT_EOLE_B_LY_106_C,Character,"Smoking Skunk",#N/A,"Face à certains adversaires, mieux vaut ne PAS avoir de flair.",#N/A,#N/A,#N/A
fe4e6c41-e969-45eb-9ae1-4a95ab58782e,ALT_EOLE_B_LY_107_C,Character,"Corrupted Esmeralda",#N/A,"« Veux-tu vraiment me suivre en enfer, Fen ? »",#N/A,#N/A,#N/A
7d985568-b4f2-4e87-847e-3cdf6a1619f4,ALT_EOLE_B_LY_108_C,Character,"Fragrant Meerkat",#N/A,"« Tu peux pas me sentir ? Pourtant je cocotte ! »",#N/A,#N/A,#N/A
cc588eb5-0a1d-4d5b-ad74-92ffe2b637ef,ALT_EOLE_B_LY_109_C,Character,"Lyra Fifer",#N/A,"« C'est du pipeau ? Je ne crois pas, non. »",#N/A,#N/A,#N/A
7581f3ff-2bba-4e8b-bbb1-f59e08b2d5ea,ALT_EOLE_B_LY_110_C,Character,"Reka Ropedancer",#N/A,"Elle a plus d'une corde à son arc !",#N/A,#N/A,#N/A
b5a555b7-9159-4c55-80ad-4c538ed9109c,ALT_EOLE_B_LY_111_C,Character,Bastet,#N/A,,#N/A,#N/A,#N/A
720d71e8-c1aa-4040-a0ce-d6d34f9d6f31,ALT_EOLE_B_LY_112_C,Character,Carbunclo,#N/A,"Le rubis sur son front ? Plutôt un charbon ardent.",#N/A,#N/A,#N/A
1166d5cb-f729-49ea-a259-41213c61726c,ALT_EOLE_B_LY_113_C,Character,"Bestowing Sloth",#N/A,"Il n'est jamais tard à l'horloge du paresseux.",#N/A,#N/A,#N/A
32975f65-9954-436f-9833-a693c379118b,ALT_EOLE_B_LY_114_C,Character,"Mia, Prima Ballerina",#N/A,"L'ex-Matriarche du Clan Kasirga mène la danse, dût-elle être macabre.",#N/A,#N/A,#N/A
45900f7d-2c85-4422-99b8-b9310fa66d06,ALT_EOLE_B_LY_115_C,Character,"Stigma of Havoc",#N/A,"Quand on parle du loup, on en voit l'ombre difforme...",#N/A,#N/A,#N/A
229a22b4-180d-4739-946c-d6f5f93fd9f6,ALT_EOLE_B_LY_116_C,Character,"Reka Thurifer",#N/A,"« Par la fumée de l'encens, nous purifions la noirceur intérieure. »",#N/A,#N/A,#N/A
fc397b61-1094-4da5-8239-20f631a96ef6,ALT_EOLE_B_LY_117_C,Character,"Plague of Despair",#N/A,"« L'âme ne se rend pas au désespoir sans avoir épuisé toutes les illusions. » - Victor Hugo",#N/A,#N/A,#N/A
65ed4ba6-97ce-4802-82e2-f25885e5d7cc,ALT_EOLE_B_LY_118_C,Spell,Cleanse,#N/A,"« Et mes yeux de braise, tu les aimes mes yeux de braise ? »",#N/A,#N/A,#N/A
0b44df71-200f-49bb-80f6-c635e2242027,ALT_EOLE_B_LY_119_C,Character,"Lakshmi's Owl",#N/A,"Même dans la nuit la plus noire, il peut trouver la lumière.",#N/A,#N/A,#N/A
457ee98b-12ee-4518-8844-5d7eee2c7332,ALT_EOLE_B_LY_120_C,Spell,"Cat's Cradle",#N/A,"« T'as pas d'autres chats à fouetter ? »",#N/A,#N/A,#N/A
a79dd5a7-0291-4f98-999b-c32c63b3699f,ALT_EOLE_B_LY_121_C,LANDMARK_PERMANENT,"Smoke Them Out",#N/A,"« S'il n'y a pas de fumée sans feu, avec nous, vous allez être servis ! »",#N/A,#N/A,#N/A
891c8c9d-d586-4f28-844c-528a5ea0ddb8,ALT_EOLE_B_LY_122_C,LANDMARK_PERMANENT,"Give Fate a Twist!",#N/A,"Parfois, même le destin a besoin d'un petit coup de pouce !",#N/A,#N/A,#N/A
3e8c99cd-a7f1-481a-9396-82b8dfe0581b,ALT_EOLE_B_MU_106_C,Character,"Herding Puli",#N/A,"« Allez, Bouloche, veille sur eux. Amène-les à papa ! »",#N/A,#N/A,#N/A
e18a2c8b-94c9-4574-ab7b-3ec338a2a500,ALT_EOLE_B_MU_107_C,Character,"Brave Cub",#N/A,"« Graouuu ! Toute la meute viendra en aide aux humains, car tous craignent le loup ! »",#N/A,#N/A,#N/A
aa70f8da-95d5-4b04-a776-0e48264f4bcd,ALT_EOLE_B_MU_108_C,Character,"Corrupted Woollyback",#N/A,"Il y a un mouton noir dans le troupeau.",#N/A,#N/A,#N/A
974ad5e7-8367-4dbc-acc2-17bade3011f4,ALT_EOLE_B_MU_109_C,Character,"White Fang",#N/A,"« L'inconnu est un des principaux éléments de la peur. » — Jack London",#N/A,#N/A,#N/A
b6eb7ab6-f660-4283-9e00-5a1fc8550e43,ALT_EOLE_B_MU_110_C,Character,Raksha,#N/A,"« Le petit d'homme est mien ! Il vivra pour courir avec le clan, et pour chasser avec le clan ! »",#N/A,#N/A,#N/A
4450f7ad-e296-4145-8f31-06c9118f872a,ALT_EOLE_B_MU_111_C,Character,Dawon,#N/A,"« Viens à moi, Dawon, que je convoque l'aspect de Durga ! » — Parvati",#N/A,#N/A,#N/A
a7df1447-340c-4c7b-8cfb-6165b084ff59,ALT_EOLE_B_MU_112_C,Character,"Nikau, Kauri's Father",#N/A,"« Kauri, sache que le courage est le juste milieu entre la peur et l'audace ! » — Nikau",#N/A,#N/A,#N/A
11a47105-09e1-434a-8a07-ca2f1c6bd3bf,ALT_EOLE_B_MU_113_C,Character,"Karhu, Lord of Bears",#N/A,"« Karhu, vieil ami, sors de ta torpeur. » — Rin",#N/A,#N/A,#N/A
acc2832d-ad4c-4e24-b526-e38654ff549d,ALT_EOLE_B_MU_114_C,Character,"The Beast of Gévaudan",#N/A,"« Ne sais-tu pas que brebis qui bêle attire le loup ? »",#N/A,#N/A,#N/A
a0918392-bc66-4fe4-9999-37499f5863ec,ALT_EOLE_B_MU_115_C,Character,"Plague of Prejudice",#N/A,"L'injustice est le terreau du mal.",#N/A,#N/A,#N/A
b6a3886e-9f01-4c40-b610-9dd60d0bd701,ALT_EOLE_B_MU_116_C,Character,"Wildlife Medic",#N/A,"L'époux de Basira a été rappelé pour s'occuper des animaux blessés.",#N/A,#N/A,#N/A
0099b81e-0b1d-4660-8649-731f1a2ed9b7,ALT_EOLE_B_MU_117_C,Character,"Stigma of Belligerence",#N/A,"L'hostilité invite le préjudice.",#N/A,#N/A,#N/A
b47007b9-016c-4a0a-abfc-4caf7753fd38,ALT_EOLE_B_MU_118_C,Spell,"Huff and Puff",#N/A,"« Cette fois, je vous soufflerai tous ! »",#N/A,#N/A,#N/A
28f67f4b-e93e-4485-89df-cc31aa8e7ce9,ALT_EOLE_B_MU_119_C,Spell,"Running with the Wolves",#N/A,"Il est l'heure de laisser entrer le loup dans la bergerie !",#N/A,#N/A,#N/A
b33ff7ff-1222-4a8d-84e6-1176d5427514,ALT_EOLE_B_MU_120_C,Character,"The Big Bad Wolf",#N/A,"« Ne trouves-tu pas que j'ai de grandes dents ? »",#N/A,#N/A,#N/A
b12502ea-9b36-46a7-beae-8007f4a9cb2f,ALT_EOLE_B_MU_121_C,LANDMARK_PERMANENT,"Sound the Howl!",#N/A,"« Pas d'autre choix que de se jeter dans la gueule du loup ! »",#N/A,#N/A,#N/A
27ab5118-1c87-4443-9a8d-a3da028afffe,ALT_EOLE_B_MU_122_C,LANDMARK_PERMANENT,"Gather the Pack",#N/A,"L'âme d'un loup se dissimule souvent sous la laine d'un mouton.",#N/A,#N/A,#N/A
8bf66cb4-70e2-4f4d-b532-2aad9a88e233,ALT_EOLE_B_MU_65_C,Hero,"Kauri & Puff",#N/A,"Le langage de la nature n'a que faire des mots.",#N/A,#N/A,#N/A
8b7c07c9-ffac-43e0-8c15-49658e2e46d8,ALT_EOLE_B_MU_83_C,Token,Woollyback,#N/A,"Bon, revenons à nos moutons.",#N/A,#N/A,#N/A
017941fb-6205-4c54-b106-7ba21c9f65ea,ALT_EOLE_B_NE_03_C,TOKEN_LANDMARK_PERMANENT,Aerolith,#N/A,"Son champ énergétique affecte même l'Éther.",#N/A,#N/A,#N/A
436caccb-ba19-4a46-b01c-2575469aabe4,ALT_EOLE_B_OR_106_C,Character,"Nils Holgersson",#N/A,"« Allez, en selle ! Il va falloir voler en formation serrée si on veut évacuer le plus de monde possible ! »",#N/A,#N/A,#N/A
c1fceb71-ff58-4c4e-b1ea-9501529edfaf,ALT_EOLE_B_OR_107_C,Character,"Corrupted Gargoyle",#N/A,"Elles ont toujours inspiré la peur. En bande, elles inspirent l'épouvante.",#N/A,#N/A,#N/A
55c7ae8c-851f-4283-a296-ec5b451d9880,ALT_EOLE_B_OR_108_C,Character,"Paper Envoy",#N/A,"« Lancez l'ordre de repli à tous les navires ! »",#N/A,#N/A,#N/A
3e72df1e-ea4f-4476-8f9f-7262fc3c7074,ALT_EOLE_B_OR_109_C,Character,"Ayxas, Repented Tyrant",#N/A,"« Je vous avais averti du péril qui vous attendait. » — Ayxas",#N/A,#N/A,#N/A
979e64d1-2e3c-4102-9f68-13e00a0c54fa,ALT_EOLE_B_OR_110_C,Character,Thunderbird,#N/A,"« Extraction imminente ! »",#N/A,#N/A,#N/A
7f75cfa4-8788-4707-bd46-8fc5ed0e4557,ALT_EOLE_B_OR_111_C,Character,"Wigwagging Kiwi",#N/A,"« Couloir aérien dégagé ! »",#N/A,#N/A,#N/A
0233edd8-309c-492d-be97-3c91fc21e9e6,ALT_EOLE_B_OR_112_C,Character,Hippogriff,#N/A,"« Autre rescapé localisé ! »",#N/A,#N/A,#N/A
176a7e8d-8c5f-43e6-8579-e9262a4cab3c,ALT_EOLE_B_OR_113_C,Character,"Seeker Owl",#N/A,"Son vol est silencieux et ses serres sont acérées.",#N/A,#N/A,#N/A
87a1a29a-c4ab-462b-80f7-d3975754dec3,ALT_EOLE_B_OR_114_C,Character,"Corrupted Jeanne",#N/A,"« Je sais qu'ils seront tous boutés, excepté ceux qui périront. » — Jeanne",#N/A,#N/A,#N/A
805fd8ad-3295-4d68-9355-bec2c0c9435d,ALT_EOLE_B_OR_115_C,Character,Pegasus,#N/A,"Même une vie de sauvée et nous aurons gagné !",#N/A,#N/A,#N/A
e14b940a-bdb6-4dd6-a659-38fecbc39f18,ALT_EOLE_B_OR_116_C,Character,"Stigma of Banality",#N/A,"La peur de la différence détruit l'individualité.",#N/A,#N/A,#N/A
adf67ca0-d308-4947-9e9a-6e5f52110ffe,ALT_EOLE_B_OR_117_C,Character,"Plague of Intolerance",#N/A,"L'intolérance est le masque de la peur.",#N/A,#N/A,#N/A
772d631c-a1ab-4d18-894b-80e8e09a7c81,ALT_EOLE_B_OR_118_C,Spell,"Strategic Deployment",#N/A,"« Débarquement en cours ! »",#N/A,#N/A,#N/A
92e7fb6d-8bd6-46bf-a7e3-2659093105e1,ALT_EOLE_B_OR_119_C,LANDMARK_PERMANENT,"Delay the Collapse",#N/A,"« Tenir, le plus longtemps possible. C'est tout ce qui compte. »",#N/A,#N/A,#N/A
b6b6f433-fd44-4bf4-8178-29d5b6634963,ALT_EOLE_B_OR_120_C,Spell,"Out of a Dark Sky",#N/A,"Les demandes d'assistance fusent au son de bruissements d'ailes.",#N/A,#N/A,#N/A
66c78af7-c8c6-4182-9a6b-4004d8512093,ALT_EOLE_B_OR_121_C,LANDMARK_PERMANENT,"Cover the Retreat",#N/A,"« Ne rompez pas les rangs ! »",#N/A,#N/A,#N/A
762fc087-d99a-41f2-aa8e-56a0e94c6ba9,ALT_EOLE_B_OR_122_C,LANDMARK_PERMANENT,"Evacuate the City!",#N/A,"« La cité est condamnée, priorité aux habitants ! »",#N/A,#N/A,#N/A
e5841821-a1fa-4eed-98ad-1b4946cc8eb0,ALT_EOLE_B_OR_31_C,Token,"Ordis Recruit",#N/A,"« Je dois retrouver ma sœur... »",#N/A,#N/A,#N/A
4cf7d9dc-eeee-4743-8695-0f740db530f4,ALT_EOLE_B_OR_65_C,Hero,"Zhen & Zephyr",#N/A,"À s'élever sans honneur, on a vite fait d'y perdre des plumes.",#N/A,#N/A,#N/A
5e8fa12d-b9ed-486c-85e6-c5a53eef8b32,ALT_EOLE_B_YZ_105_C,Hero,"Sam & Spook",#N/A,"« Enfin ! Je crois qu'on va bien s'amuser ! »",#N/A,#N/A,#N/A
7b309596-bf71-4d0f-b48b-174501a7e4dd,ALT_EOLE_B_YZ_106_C,Character,"Qorgan Occultist",#N/A,"« Prenez garde, la noirceur du Cauchemar peut souiller chaque idée. »",#N/A,#N/A,#N/A
0f7e4080-71a5-4aa4-b4b6-ed87e80b4576,ALT_EOLE_B_YZ_107_C,Character,"Terrified Ghost",#N/A,"Un effroi que même les spectres ressentent...",#N/A,#N/A,#N/A
faa82fee-9838-45ba-8cc6-292d8aa37e02,ALT_EOLE_B_YZ_108_C,Character,"Corrupted Tooth Fairy",#N/A,"« Allez, petite, souris donc au dentiste. »",#N/A,#N/A,#N/A
157e7758-6ab6-4646-9c66-da75115f09d5,ALT_EOLE_B_YZ_109_C,Character,"Mana Seamstress",#N/A,"Recoudre le tissu de la réalité, pour éviter une nouvelle Confluence...",#N/A,#N/A,#N/A
4eaf1d4e-3a7b-4fde-ae13-ec06b7457c73,ALT_EOLE_B_YZ_110_C,Character,"Molting Crab",#N/A,"Ses pinces épinglent le tissu de la réalité.",#N/A,#N/A,#N/A
af22a915-4f0a-4394-a048-45454b212ec7,ALT_EOLE_B_YZ_111_C,Character,"Grumpy Imp",#N/A,"Malgré la peur, il se démènera comme un beau diable.",#N/A,#N/A,#N/A
16075e90-66ef-4247-aeb3-8a921728988a,ALT_EOLE_B_YZ_112_C,Character,"Qorgan Exorcist",#N/A,"« Il ne reste qu'à couvrir les arrières de Sam. »",#N/A,#N/A,#N/A
ac0d2f53-05db-42ca-83db-52cd543122e3,ALT_EOLE_B_YZ_113_C,Character,Janus,#N/A,"« Dieu des portes, il est temps de fermer le Voile. » — Sam",#N/A,#N/A,#N/A
dc679d77-70fd-49fd-befc-131b2c8577a8,ALT_EOLE_B_YZ_114_C,Character,"Corrupted Baba Yaga",#N/A,"« L'Empyrée est saturé de Cauchemar. Il déborde. » — Baba Yaga",#N/A,#N/A,#N/A
92a8f16c-cc81-4d0a-bde7-9cb5775cbc01,ALT_EOLE_B_YZ_115_C,Character,"Stigma of Fallacy",#N/A,"Des mensonges, sous le masque de la vérité...",#N/A,#N/A,#N/A
916cf78a-83f4-4bf0-8fbb-671e175d076a,ALT_EOLE_B_YZ_116_C,Character,"Plague of Ignorance",#N/A,"L'ignorance est le creuset du mal.",#N/A,#N/A,#N/A
1d159509-1a11-47ec-ad6d-eb09ec42dc97,ALT_EOLE_B_YZ_117_C,Spell,"For the Greater Good",#N/A,"Faire le bien exige parfois des sacrifices.",#N/A,#N/A,#N/A
75f43b56-58b3-4741-8b5a-0d9517cc614b,ALT_EOLE_B_YZ_118_C,Character,"Qorgan Phantom",#N/A,"« Notre rôle est de faire diversion pour qu'un petit groupe atteigne la brèche. »",#N/A,#N/A,#N/A
7662c3ac-e052-42c9-9c45-685e6c74fb68,ALT_EOLE_B_YZ_119_C,Spell,"Investigate the Corruption",#N/A,"« C'est en comprenant le mal qu'on pourra l'arracher à la racine. » — Zaj",#N/A,#N/A,#N/A
8cf7dd86-8491-4fc5-b556-fb7edb7f8f72,ALT_EOLE_B_YZ_120_C,Character,"Baron Cimetière",#N/A,"« Besoin de quelqu'un pour leur claquer la porte au nez ? »",#N/A,#N/A,#N/A
295f0994-c153-46a3-97ff-f4254f47d4dc,ALT_EOLE_B_YZ_121_C,LANDMARK_PERMANENT,"Push Back the Night",#N/A,"« La peur ne passera pas ! »",#N/A,#N/A,#N/A
c8e46ff1-1efe-4d73-9631-62bdf79dfdd5,ALT_EOLE_B_YZ_122_C,LANDMARK_PERMANENT,"Close the Breach!",#N/A,"« Sceller la brèche ? Je commençais tout juste à m'échauffer... »",#N/A,#N/A,#N/A
8128b0ad-5d62-4dad-9847-80760b717340,ALT_EOLE_B_YZ_47_C,Token,"Mana Moth",#N/A,"Par leur nature, les Phalènes sont poreuses à la corruption.",#N/A,#N/A,#N/A
cd923d77-6510-4bde-91a1-dc6c1aa1ce41,ALT_EOLE_P_AX_65_C,Hero,"Isaree & Pebble",#N/A,"C'est à la science d'être au service du peuple, pas l'inverse.",#N/A,#N/A,#N/A
14480ad5-3e65-46db-9a14-a29b51c79043,ALT_EOLE_P_BR_105_C,Hero,"Gretel & Rust",#N/A,"« Si tu me sous-estimes, ça va te coûter bonbon. »",#N/A,#N/A,#N/A
bd35b33b-5795-41cf-bc79-a63ef74d7d48,ALT_EOLE_P_LY_105_C,Hero,"Yeong-gi & Ember",#N/A,"« Laissez-moi vous mettre au parfum... »",#N/A,#N/A,#N/A
23437c45-ab50-43b8-87bf-adc09a9bac89,ALT_EOLE_P_MU_65_C,Hero,"Kauri & Puff",#N/A,"Le langage de la nature n'a que faire des mots.",#N/A,#N/A,#N/A
541fe2e6-62b8-41a5-bee9-e475e225be7f,ALT_EOLE_P_OR_65_C,Hero,"Zhen & Zephyr",#N/A,"À s'élever sans honneur, on a vite fait d'y perdre des plumes.",#N/A,#N/A,#N/A
63115fd9-c3a2-41cb-b805-e2a534d925fc,ALT_EOLE_P_YZ_105_C,Hero,"Sam & Spook",#N/A,"« Enfin ! Je crois qu'on va bien s'amuser ! »",#N/A,#N/A,#N/A
